State,Quarter,Spend ($M)
New South Wales,March quarter 2019,5724545
Victoria,March quarter 2019,4484085
Queensland,March quarter 2019,4349843
South Australia,March quarter 2019,1382351
Western Australia,March quarter 2019,1664801
Tasmania,March quarter 2019,656426
Northern Territory,March quarter 2019,84259
ACT,March quarter 2019,525622
New South Wales,June quarter 2019,5101080
Victoria,June quarter 2019,3834812
Queensland,June quarter 2019,4020195
South Australia,June quarter 2019,1015494
Western Australia,June quarter 2019,1463853
Tasmania,June quarter 2019,485188
Northern Territory,June quarter 2019,196027
ACT,June quarter 2019,489085
New South Wales,September quarter 2019,5355253
Victoria,September quarter 2019,4257928
Queensland,September quarter 2019,4407610
South Australia,September quarter 2019,966432
Western Australia,September quarter 2019,1521269
Tasmania,September quarter 2019,438431
Northern Territory,September quarter 2019,204333
ACT,September quarter 2019,582340
New South Wales,December quarter 2019,5558104
Victoria,December quarter 2019,4550496
Queensland,December quarter 2019,4461159
South Australia,December quarter 2019,1289740
Western Australia,December quarter 2019,1579613
Tasmania,December quarter 2019,649305
Northern Territory,December quarter 2019,126701
ACT,December quarter 2019,310846
New South Wales,March quarter 2020,5256784
Victoria,March quarter 2020,4635262
Queensland,March quarter 2020,4757584
South Australia,March quarter 2020,1394930
Western Australia,March quarter 2020,1927724
Tasmania,March quarter 2020,683136
Northern Territory,March quarter 2020,93932
ACT,March quarter 2020,447676
New South Wales,June quarter 2020,1524693
Victoria,June quarter 2020,851030
Queensland,June quarter 2020,1154401
South Australia,June quarter 2020,338499
Western Australia,June quarter 2020,443130
Tasmania,June quarter 2020,51039
Northern Territory,June quarter 2020,26700
ACT,June quarter 2020,101916
New South Wales,September quarter 2020,3482289
Victoria,September quarter 2020,757013
Queensland,September quarter 2020,3112703
South Australia,September quarter 2020,616082
Western Australia,September quarter 2020,1494167
Tasmania,September quarter 2020,181259
Northern Territory,September quarter 2020,65516
ACT,September quarter 2020,370374
New South Wales,December quarter 2020,5080727
Victoria,December quarter 2020,2174569
Queensland,December quarter 2020,4235472
South Australia,December quarter 2020,991087
Western Australia,December quarter 2020,1662442
Tasmania,December quarter 2020,372498
Northern Territory,December quarter 2020,107829
ACT,December quarter 2020,365879
New South Wales,March quarter 2021,5309003
Victoria,March quarter 2021,3892855
Queensland,March quarter 2021,4832739
South Australia,March quarter 2021,1394951
Western Australia,March quarter 2021,1806320
Tasmania,March quarter 2021,665107
Northern Territory,March quarter 2021,130210
ACT,March quarter 2021,392428
New South Wales,June quarter 2021,5995964
Victoria,June quarter 2021,3615938
Queensland,June quarter 2021,5732997
South Australia,June quarter 2021,1622376
Western Australia,June quarter 2021,1822204
Tasmania,June quarter 2021,720668
Northern Territory,June quarter 2021,219648
ACT,June quarter 2021,538070
New South Wales,September quarter 2021,1127022
Victoria,September quarter 2021,1668627
Queensland,September quarter 2021,3597813
South Australia,September quarter 2021,906630
Western Australia,September quarter 2021,1908556
Tasmania,September quarter 2021,488076
Northern Territory,September quarter 2021,191939
ACT,September quarter 2021,97118
New South Wales,December quarter 2021,3839887
Victoria,December quarter 2021,2983845
Queensland,December quarter 2021,4388414
South Australia,December quarter 2021,1301876
Western Australia,December quarter 2021,2279919
Tasmania,December quarter 2021,429778
Northern Territory,December quarter 2021,89893
ACT,December quarter 2021,166487
New South Wales,March quarter 2022,6851435
Victoria,March quarter 2022,5310358
Queensland,March quarter 2022,5929186
South Australia,March quarter 2022,1492075
Western Australia,March quarter 2022,1942865
Tasmania,March quarter 2022,908230
Northern Territory,March quarter 2022,110386
ACT,March quarter 2022,472644
New South Wales,June quarter 2022,7162423
Victoria,June quarter 2022,5517017
Queensland,June quarter 2022,6993273
South Australia,June quarter 2022,1646342
Western Australia,June quarter 2022,2366916
Tasmania,June quarter 2022,907467
Northern Territory,June quarter 2022,268755
ACT,June quarter 2022,685915
New South Wales,September quarter 2022,7710292
Victoria,September quarter 2022,6468220
Queensland,September quarter 2022,7292839
South Australia,September quarter 2022,1552077
Western Australia,September quarter 2022,2329383
Tasmania,September quarter 2022,648311
Northern Territory,September quarter 2022,379914
ACT,September quarter 2022,628801
New South Wales,December quarter 2022,7873315
Victoria,December quarter 2022,6059613
Queensland,December quarter 2022,7806088
South Australia,December quarter 2022,1952524
Western Australia,December quarter 2022,2921092
Tasmania,December quarter 2022,817775
Northern Territory,December quarter 2022,207609
ACT,December quarter 2022,643786
New South Wales,March quarter 2023,7994465
Victoria,March quarter 2023,6217354
Queensland,March quarter 2023,7525584
South Australia,March quarter 2023,1821690
Western Australia,March quarter 2023,2450195
Tasmania,March quarter 2023,1034940
Northern Territory,March quarter 2023,92850
ACT,March quarter 2023,573160
New South Wales,June quarter 2023,7183519
Victoria,June quarter 2023,5407295
Queensland,June quarter 2023,6933461
South Australia,June quarter 2023,1858331
Western Australia,June quarter 2023,2441261
Tasmania,June quarter 2023,704495
Northern Territory,June quarter 2023,279834
ACT,June quarter 2023,625564
New South Wales,September quarter 2023,6998902
Victoria,September quarter 2023,6141253
Queensland,September quarter 2023,7643186
South Australia,September quarter 2023,1587169
Western Australia,September quarter 2023,2590478
Tasmania,September quarter 2023,816045
Northern Territory,September quarter 2023,393812
ACT,September quarter 2023,576441
New South Wales,December quarter 2023,8620052
Victoria,December quarter 2023,6223656
Queensland,December quarter 2023,7500876
South Australia,December quarter 2023,1938833
Western Australia,December quarter 2023,3117560
Tasmania,December quarter 2023,935242
Northern Territory,December quarter 2023,222530
ACT,December quarter 2023,625997
New South Wales,March quarter 2024,8127893
Victoria,March quarter 2024,6953312
Queensland,March quarter 2024,7450959
South Australia,March quarter 2024,2180332
Western Australia,March quarter 2024,2498826
Tasmania,March quarter 2024,1036503
Northern Territory,March quarter 2024,205875
ACT,March quarter 2024,790837
New South Wales,June quarter 2024,6654615
Victoria,June quarter 2024,6094475
Queensland,June quarter 2024,6776905
South Australia,June quarter 2024,1688913
Western Australia,June quarter 2024,2746868
Tasmania,June quarter 2024,747318
Northern Territory,June quarter 2024,210826
ACT,June quarter 2024,852143
New South Wales,September quarter 2024,7527039
Victoria,September quarter 2024,6234709
Queensland,September quarter 2024,7931124
South Australia,September quarter 2024,1684307
Western Australia,September quarter 2024,2145903
Tasmania,September quarter 2024,696548
Northern Territory,September quarter 2024,350596
ACT,September quarter 2024,836384
New South Wales,December quarter 2024,8632403
Victoria,December quarter 2024,6303223
Queensland,December quarter 2024,7335692
South Australia,December quarter 2024,1811393
Western Australia,December quarter 2024,2717334
Tasmania,December quarter 2024,928985
Northern Territory,December quarter 2024,241064
ACT,December quarter 2024,687984
